question_text,label
Average of numbers problem.,easy
What is the capital of Nepal?,easy
Speed = Distance / ___.,easy
Which data type stores True or False?,easy
The hypotenuse is the longest side in a ___ triangle.,hard
What is the main idea of a paragraph usually found in?,easy
What is the chemical symbol for Gold?,easy
"If y + 40x + 2 = 0, what is xy?",easy
How many bytes are in a kilobyte?,easy
What happens to momentum when a net force acts on an object?,hard
Define an atom.,easy
"Identify the tense: ""They were playing cricket.""",medium
Circle area ratio problem.,easy
"If y = 3x and x = 4, what is y?",easy
What is the measure of the angle in the figure?,medium
Which letter represents the vertex?,easy
"If N is a 3-digit number where each digit is a factor of N, what is N?",hard
Percent decrease then increase problem.,medium
Industrial revolution passage.,medium
What is the boiling point of water in Celsius?,easy
How does the OSI model facilitate network communication? Discuss each layer.,hard
Global warming debate question.,hard
What type of bond is formed by sharing electrons?,medium
Soursop health benefits passage: fill in the blank.,easy
Apples and oranges combinations problem.,hard
Wheel revolution rate problem.,easy
Electric charge experiment.,medium
Explain Newton's Second Law of Motion with an example.,medium
Car skid speed estimation problem.,medium
Three-digit number divisibility problem.,hard
What is the SI unit of force?,easy
Which planet is closest to the Sun?,easy
Fishing story passage: what best summarizes the passage?,easy
Prove by induction that the sum of first n natural numbers is n(n+1)/2.,hard
What does IP stand for?,easy
Find the value of xy given two equations.,easy
Solve for x: 3x + 7 = 22,medium
Explain what an IP address is.,medium
Mistake ratio test problem.,medium
What is the value of x if 2x = 10?,easy
Which expression is equivalent to (a+b)(a−b)?,easy
Which law states F = ma?,medium
Angle R and T problem in radians.,medium
Is x divisible by 39?,hard
"Given a binary tree, write an algorithm to find the height of the tree.",hard
What is 7 × 8?,easy
Mean of data set.,easy
What is the role of the nucleus in a cell?,medium
Which symbol is used for comments in Python?,easy
Wishcycling passage: fill in the blank.,easy
The ___ statement is used to make decisions in code.,easy
Convert 0.75 to a fraction in its simplest form.,medium
What is the monthly rent for an apartment based on given conditions?,medium
Identify the subject and predicate: The cat sat on the mat.,medium
Derive the equation of motion v² = u² + 2as from first principles.,hard
"A crane raises one end of a 3,300 lb steel beam. If the crane supports 30% of the beam’s weight, how many pounds does it support?",easy
Bulb life inequality problem.,hard
Solve for x: x/4 = 3,medium
Coin distribution problem.,easy
Drug study: did more patients improve than experience side effects?,hard
Tickets and vouchers distribution problem.,easy
"The word ""quickly"" is an ___.",easy
What is the difference between hardware and software?,medium
"What are the key differences between supervised, unsupervised, and reinforcement learning?",hard
A box of laundry detergent contains 16.5 oz of product. What is the maximum number of loads that can be washed if each load requires 34 oz?,medium
Derive the quadratic formula from ax² + bx + c = 0.,hard
Name the gas that plants absorb during photosynthesis.,easy
Termite study passage.,medium
Factorise completely: 2x³ + 3x² - 11x - 6,hard
The ceremony of driving the golden spike passage question.,medium
"What does ""benevolent"" mean?",medium
The SI unit of energy is ___.,easy
Medication dosage decrease problem.,easy
Solve 3/x = 5/7.,easy
Name a primary colour.,easy
Calculate the perimeter of a rectangle with length 12 and width 8.,medium
Explain the concept of polymorphism in OOP with practical examples.,hard
What is the difference between mitosis and meiosis?,medium
Which of these is a noun?,easy
Farm machinery argument question.,medium
Venn diagram farm problem.,medium
What is the symbol for water?,easy
Bus trip fare range problem.,hard
What is the degree of the polynomial 4x³ + 2x - 1?,hard
What number is 15 percent of x?,easy
Grocery store pricing argument.,easy
What is a variable?,medium
Fluid energy passage.,hard
Remainder and divisibility statements problem.,hard
Mean score problem with 5 tests.,easy
Critically evaluate the impact of adaptive learning on student performance outcomes.,hard
Discuss the limitations of the Bohr model of the atom.,hard
A tire rotates at 500 rpm when the car travels at 50 kph. What is the circumference of the tire?,medium
Overtime pay calculation.,medium
"For exponential function f, if f(1)=k, which form shows k clearly?",hard
"If a circle has diameter 8 inches, what is the circumference?",medium
Analyse the time complexity of merge sort and justify using recurrence relations.,hard
Who invented the telephone?,easy
Chemical formula of water?,easy
A function f(x) = 2x² + 7. What is the value of 2f(x)?,hard
Find the value of y if 2y - 4 = 10.,medium
The sum of angles in a triangle is ___ degrees.,easy
Write a for loop that prints numbers 1 to 5 in Python.,medium
Nutrition intake relation problem.,medium
Prove that the sum of angles in any triangle is 180 degrees.,hard
"A synonym for ""happy"" is?",easy
What does the keyword 'return' do in a function?,medium
Convert 30 mph to feet per second.,easy
How many layers does the OSI model have?,medium
Which device connects different networks together?,medium
Sunspots passage: fill in the blank.,easy
HTTP stands for HyperText Transfer ___.,easy
Explain how a neural network learns using backpropagation.,hard
How does a router differ from a switch?,medium
What is the SI unit of time?,easy
Food grams per tank question.,medium
DNS converts domain names to ___.,hard
What is the formula for the area of a triangle?,medium
"A blouse normally sells for $138, but is on sale for 25% off. What is the cost of the blouse?",medium
Buckets X and Y problem involving fractions of capacity.,medium
What is the next-highest prime number after 67?,easy
A circle has how many degrees?,easy
Inference means drawing a conclusion based on ___ and reasoning.,easy
Explain how HTTPS differs from HTTP and describe the role of TLS certificates.,hard
A ___ is a word that describes a verb.,easy
Calculate the compound interest on Rs. 1000 at 10% for 2 years.,medium
The solution to 5x - 10 = 0 is x = ___.,easy
What is the approximate value of gravitational acceleration on Earth?,medium
What is 5 + 3?,easy
Discuss the thermodynamic implications of entropy in a closed system.,hard
What is the pH of an acid solution?,medium
Which type of wave requires a medium to travel?,medium
Evaluate: ∫(3x² + 2x - 1)dx from 0 to 2,hard
What punctuation ends a question sentence?,medium
"Each year, an investment increases by 0.49%. Which function models this growth?",medium
Perimeter of a square with side 6?,medium
What type of animal is a shark?,easy
Explain what recursion is with a simple example.,medium
Explain the working of a Turing machine and its significance in computability theory.,hard
Atoms of the same element with different neutrons are called?,hard
Compare and contrast object-oriented and functional programming paradigms.,hard
Madagascar passage question.,hard
Fish tank SGR experiment question.,hard
